{"1719264533.9953961": {"speed": 555, "accuracy": 0, "time": 0.540778636932373, "text": "Witaj w kalkulatorze pr\u0119dko\u015bci pisania"}, "1719264534.7815988": {"speed": 226, "accuracy": 0, "time": 1.3264789581298828, "text": "Witaj w kalkulatorze pr\u0119dko\u015bci pisania"}, "1719264552.7644086": {"speed": 42, "accuracy": 100, "time": 5.670905351638794, "text": "S\u0105 nadzieje i mi\u0142o\u015bci"}, "1719265017.7134368": {"speed": 808, "accuracy": 0, "time": 0.3711841106414795, "text": "Witaj w kalkulatorze pr\u0119dko\u015bci pisania"}, "1719265033.4577866": {"speed": 15, "accuracy": 98, "time": 16.11503553390503, "text": "By spr\u00f3bowa\u0107 \u017cy\u0107 inaczej"}, "1719265163.9104693": {"speed": 590, "accuracy": 0, "time": 0.5087509155273438, "text": "Witaj w kalkulatorze pr\u0119dko\u015bci pisania"}, "1719265164.6475315": {"speed": 241, "accuracy": 0, "time": 1.2458131313323975, "text": "Witaj w kalkulatorze pr\u0119dko\u015bci pisania"}, "1719265164.9896333": {"speed": 189, "accuracy": 0, "time": 1.5879149436950684, "text": "Witaj w kalkulatorze pr\u0119dko\u015bci pisania"}, "1719265165.1241753": {"speed": 174, "accuracy": 0, "time": 1.722456932067871, "text": "Witaj w kalkulatorze pr\u0119dko\u015bci pisania"}, "1719265314.4924297": {"speed": 0, "accuracy": 0, "time": 1719265314.4924297, "text": "Na tapczanie wygibasy"}, "1719265317.1137662": {"speed": 504, "accuracy": 0, "time": 0.3570435047149658, "text": "Na tapczanie wygibasy"}, "1719265656.2701597": {"speed": 41, "accuracy": 95, "time": 5.90750527381897, "text": "Marne \u017cycie i zabawy"}, "1719296968.8147328": {"time": 1.7643077373504639, "speed": 136, "accuracy": 7}, "1719297834.3839602": {"time": 0.8644068241119385, "speed": 347, "accuracy": 0}, "1719298112.4684806": {"time": 0.9708535671234131, "speed": 247, "accuracy": 0}, "1719298219.3412375": {"time": 0.6774744987487793, "speed": 531, "accuracy": 0}, "1719298601.2384827": {"time": 1719298601.2384827, "speed": 0, "accuracy": 0}, "1719298602.2534065": {"time": 1719298602.2534065, "speed": 0, "accuracy": 0}, "1719298603.9284642": {"time": 0.3824796676635742, "speed": 1098, "accuracy": 0}, "1719298784.5478024": {"time": 4.33948540687561, "speed": 83, "accuracy": 6}, "1719299423.1597924": {"time": 11.110487222671509, "speed": 38, "accuracy": 100}}